timestamp,open,high,low,close,volume,trade_count,vwap
2019-05-28 04:00:00+00:00,51.32,51.47,51.0128,51.03,19883,114,51.213571
2019-05-29 04:00:00+00:00,50.64,50.64,50.151,50.47,43468,227,50.36505
2019-05-30 04:00:00+00:00,50.57,50.72,50.23,50.4199,37392,207,50.401666
2019-05-31 04:00:00+00:00,49.87,49.93,49.66,49.7,79368,371,49.794285
2019-06-03 04:00:00+00:00,49.75,50.137,49.71,49.93,48752,170,49.903749
2019-06-04 04:00:00+00:00,50.5,51.12,50.31,51.12,41732,226,50.888011
2019-06-05 04:00:00+00:00,51.3,51.385,50.9859,51.3099,49428,229,51.21555
2019-06-06 04:00:00+00:00,51.33,51.76,51.2869,51.6,85271,331,51.535238
2019-06-07 04:00:00+00:00,51.74,52.17,51.74,52.02,29386,150,52.035504
2019-06-10 04:00:00+00:00,52.31,52.6663,52.31,52.3842,32970,160,52.497998
2019-06-11 04:00:00+00:00,52.64,52.73,52.3199,52.36,23144,131,52.533554
2019-06-12 04:00:00+00:00,52.31,52.37,52.1703,52.25,19557,157,52.261131
2019-06-13 04:00:00+00:00,52.41,52.6512,52.41,52.64,17293,121,52.547725
2019-06-14 04:00:00+00:00,52.6,52.66,52.44,52.5999,50141,201,52.485061
2019-06-17 04:00:00+00:00,52.55,52.6699,52.5245,52.5345,21890,154,52.592097
2019-06-18 04:00:00+00:00,52.77,53.27,52.77,52.98,48047,236,53.054321
2019-06-19 04:00:00+00:00,52.9,53.23,52.9,53.09,86872,411,53.067889
2019-06-20 04:00:00+00:00,53.54,53.6,53.1199,53.6,42188,180,53.401662
2019-06-21 04:00:00+00:00,53.56,53.74,53.4125,53.55,41265,156,53.575384
2019-06-24 04:00:00+00:00,53.18,53.25,53.0325,53.0325,46667,268,53.109287
2019-06-25 04:00:00+00:00,53.11,53.11,52.73,52.73,42314,218,52.872668
2019-06-26 04:00:00+00:00,52.84,52.95,52.74,52.74,28856,205,52.870517
2019-06-27 04:00:00+00:00,52.83,53.15,52.83,53.07,19364,148,53.03137
2019-06-28 04:00:00+00:00,53.25,53.44,53.2,53.38,187567,448,53.225103
2019-07-01 04:00:00+00:00,54.01,54.09,53.51,53.6838,30305,195,53.738557
2019-07-02 04:00:00+00:00,53.65,53.68,53.42,53.677,25197,195,53.587434
2019-07-03 04:00:00+00:00,53.83,54.16,53.83,54.1125,46658,104,54.03951
2019-07-05 04:00:00+00:00,53.94,54.1964,53.8601,54.17,14696,108,54.028921
2019-07-08 04:00:00+00:00,53.91,53.96,53.85,53.955,118949,187,53.900495
2019-07-09 04:00:00+00:00,53.72,53.9339,53.72,53.89,35215,164,53.826594
2019-07-10 04:00:00+00:00,54.14,54.255,53.9436,54.09,39266,252,54.076841
2019-07-11 04:00:00+00:00,54.43,54.5,54.2329,54.42,16865,134,54.370888
2019-07-12 04:00:00+00:00,54.5,54.89,54.5,54.88,64463,191,54.80009
2019-07-15 04:00:00+00:00,54.96,54.96,54.7366,54.7957,20015,156,54.779471
2019-07-16 04:00:00+00:00,54.82,54.8783,54.6988,54.75,31882,146,54.806978
2019-07-17 04:00:00+00:00,54.57,54.57,54.18,54.18,130657,254,54.326561
2019-07-18 04:00:00+00:00,54.01,54.305,53.965,54.3,19549,138,54.136716
2019-07-19 04:00:00+00:00,54.51,54.51,54.1,54.1,30821,160,54.369548
2019-07-22 04:00:00+00:00,54.22,54.22,53.9989,54.05,18125,177,54.094003
2019-07-23 04:00:00+00:00,54.24,54.4895,54.1761,54.45,21074,156,54.32792
2019-07-24 04:00:00+00:00,54.31,54.82,54.31,54.82,20518,152,54.628311
2019-07-25 04:00:00+00:00,54.7,54.7026,54.3782,54.46,29613,167,54.55547
2019-07-26 04:00:00+00:00,54.54,54.81,54.53,54.79,26310,155,54.683633
2019-07-29 04:00:00+00:00,54.61,54.77,54.61,54.69,20904,156,54.692276
2019-07-30 04:00:00+00:00,54.48,54.6967,54.4577,54.67,35210,258,54.610029
2019-07-31 04:00:00+00:00,54.76,54.7616,53.73,54.23,40150,303,54.484888
2019-08-01 04:00:00+00:00,54.18,54.7099,53.4027,53.53,36244,171,54.175193
2019-08-02 04:00:00+00:00,53.37,53.397,52.88,53.12,26898,205,53.15021
2019-08-05 04:00:00+00:00,52.28,52.33,51.275,51.62,35819,230,51.889566
2019-08-06 04:00:00+00:00,51.87,52.08,51.446,52.05,77159,307,51.760999
2019-08-07 04:00:00+00:00,51.61,52.2445,51.15,52.18,22464,140,51.646633
2019-08-08 04:00:00+00:00,52.48,53.07,52.48,53.07,13547,130,52.81671
2019-08-09 04:00:00+00:00,52.87,52.89,52.38,52.63,17851,118,52.695591
2019-08-12 04:00:00+00:00,52.29,52.3399,51.79,51.91,31940,174,52.023569
2019-08-13 04:00:00+00:00,51.93,53.136,51.93,52.71,30005,169,52.818181
2019-08-14 04:00:00+00:00,51.98,51.98,51.1,51.15,37333,211,51.437977
2019-08-15 04:00:00+00:00,51.31,51.31,50.74,51.16,41552,221,51.059816
2019-08-16 04:00:00+00:00,51.47,52.02,51.47,51.95,29515,144,51.888965
2019-08-19 04:00:00+00:00,52.62,52.6754,52.5237,52.6,34128,162,52.619175
2019-08-20 04:00:00+00:00,52.44,52.47,52.08,52.12,27350,179,52.320943
2019-08-21 04:00:00+00:00,52.57,52.6096,52.4798,52.54,20165,130,52.552848
2019-08-22 04:00:00+00:00,52.66,52.8287,52.3204,52.58,23024,136,52.583708
2019-08-23 04:00:00+00:00,52.23,52.55,50.9554,51.21,35676,216,51.560755
2019-08-26 04:00:00+00:00,51.74,51.74,51.3895,51.72,37182,202,51.58286
2019-08-27 04:00:00+00:00,51.95,52.0,51.21,51.23,46200,253,51.3619
2019-08-28 04:00:00+00:00,51.09,51.76,51.084,51.71,18271,142,51.6076
2019-08-29 04:00:00+00:00,52.21,52.5366,52.1733,52.43,34133,173,52.425614
2019-08-30 04:00:00+00:00,52.7,52.819,52.4499,52.56,26064,160,52.603989
2019-09-03 04:00:00+00:00,52.26,52.3599,51.9988,52.3072,33801,206,52.169436
2019-09-04 04:00:00+00:00,52.6,52.9299,52.6,52.88,22840,149,52.810842
2019-09-05 04:00:00+00:00,53.5,53.87,53.5,53.61,14333,117,53.699339
2019-09-06 04:00:00+00:00,53.8,53.8599,53.6307,53.8,26775,148,53.798739
2019-09-09 04:00:00+00:00,54.02,54.29,54.01,54.29,42546,169,54.20948
2019-09-10 04:00:00+00:00,54.1,54.57,54.1,54.57,25538,144,54.364404
2019-09-11 04:00:00+00:00,54.56,55.01,54.41,54.99,209411,304,54.927172
2019-09-12 04:00:00+00:00,55.06,55.21,54.79,54.95,54928,367,55.005941
2019-09-13 04:00:00+00:00,55.08,55.2901,55.04,55.06,22009,164,55.127643
2019-09-16 04:00:00+00:00,54.85,54.9525,54.76,54.86,22569,158,54.86824
2019-09-17 04:00:00+00:00,54.86,54.91,54.69,54.91,20907,174,54.805825
2019-09-18 04:00:00+00:00,54.8,54.8301,54.4,54.8301,22044,134,54.667171
2019-09-19 04:00:00+00:00,54.88,55.054,54.74,54.74,28487,177,54.947461
2019-09-20 04:00:00+00:00,54.97,55.0066,54.62,54.62,25184,138,54.801478
2019-09-23 04:00:00+00:00,54.21,54.3675,54.11,54.23,23213,138,54.280296
2019-09-24 04:00:00+00:00,54.43,54.43,53.6409,53.79,18835,153,53.873758
2019-09-25 04:00:00+00:00,53.84,54.2,53.76,54.1303,68874,219,54.073561
2019-09-26 04:00:00+00:00,54.21,54.21,53.631,53.83,16500,181,53.871947
2019-09-27 04:00:00+00:00,54.02,54.1,53.5355,53.73,65657,178,53.943541
2019-09-30 04:00:00+00:00,53.89,54.0863,53.85,53.95,41560,299,54.007883
2019-10-01 04:00:00+00:00,54.19,54.196,53.1928,53.24,17830,177,53.536519
2019-10-02 04:00:00+00:00,52.92,52.92,52.0751,52.1751,28144,174,52.340136
2019-10-03 04:00:00+00:00,52.12,52.44,51.53,52.44,58190,255,52.049084
2019-10-04 04:00:00+00:00,52.58,53.1,52.58,53.1,17252,121,52.869788
2019-10-07 04:00:00+00:00,52.91,53.2898,52.83,52.88,13093,102,53.052374
2019-10-08 04:00:00+00:00,52.53,52.5756,52.07,52.07,21217,188,52.377117
2019-10-09 04:00:00+00:00,52.39,52.7211,52.39,52.54,19722,115,52.533657
2019-10-10 04:00:00+00:00,52.53,53.1489,52.53,53.01,31647,222,52.951816
2019-10-11 04:00:00+00:00,53.48,54.1019,53.48,53.7423,28106,199,53.876387
2019-10-14 04:00:00+00:00,53.53,53.6846,53.49,53.6121,45658,139,53.627688
2019-10-15 04:00:00+00:00,53.73,54.42,53.73,54.24,18861,170,54.222938
2019-10-16 04:00:00+00:00,54.27,54.4718,54.23,54.23,39225,134,54.306737
2019-10-17 04:00:00+00:00,54.52,54.657,54.432,54.56,307170,183,54.497201
2019-10-18 04:00:00+00:00,54.4,54.6238,54.3457,54.55,46632,146,54.542498
2019-10-21 04:00:00+00:00,54.65,54.8063,54.65,54.7,29109,149,54.727153
2019-10-22 04:00:00+00:00,54.75,55.13,54.75,54.86,26546,167,54.927066
2019-10-23 04:00:00+00:00,54.76,54.95,54.76,54.95,15899,119,54.858348
2019-10-24 04:00:00+00:00,55.02,55.11,54.6,54.83,26495,176,54.786426
2019-10-25 04:00:00+00:00,54.72,55.2466,54.72,55.18,14688,125,55.102251
2019-10-28 04:00:00+00:00,55.31,55.5905,55.31,55.42,23031,155,55.505521
2019-10-29 04:00:00+00:00,55.29,55.67,55.29,55.47,36406,148,55.578969
2019-10-30 04:00:00+00:00,55.54,55.54,55.17,55.41,27870,129,55.310485
2019-10-31 04:00:00+00:00,55.47,55.47,54.881,55.13,25589,159,55.054082
2019-11-01 04:00:00+00:00,55.55,55.8752,55.55,55.87,8105,88,55.804154
2019-11-04 05:00:00+00:00,56.21,56.38,56.1721,56.36,24704,177,56.277707
2019-11-05 05:00:00+00:00,56.42,56.6554,56.42,56.48,27676,199,56.528392
2019-11-06 05:00:00+00:00,56.59,56.59,56.36,56.45,26849,179,56.456653
2019-11-07 05:00:00+00:00,56.8,57.0864,56.7909,56.84,22304,176,56.953756
2019-11-08 05:00:00+00:00,56.81,56.97,56.63,56.97,25807,140,56.79825
2019-11-11 05:00:00+00:00,56.69,56.876,56.69,56.83,12649,125,56.816395
2019-11-12 05:00:00+00:00,56.96,57.15,56.844,56.94,17444,131,56.982745
2019-11-13 05:00:00+00:00,56.78,56.9539,56.6252,56.86,24540,167,56.832508
2019-11-14 05:00:00+00:00,56.8,57.0265,56.7,56.88,36112,245,56.865893
2019-11-15 05:00:00+00:00,57.18,57.42,57.03,57.42,18401,139,57.206276
2019-11-18 05:00:00+00:00,57.35,57.4332,57.2798,57.378,19769,180,57.3778
2019-11-19 05:00:00+00:00,57.49,57.49,57.12,57.258,16918,158,57.274358
2019-11-20 05:00:00+00:00,57.12,57.1588,56.648,56.99,35296,177,56.950015
2019-11-21 05:00:00+00:00,56.97,57.0824,56.8214,57.02,10710,123,56.9791
2019-11-22 05:00:00+00:00,57.2,57.2468,57.05,57.22,20993,168,57.206944
2019-11-25 05:00:00+00:00,57.33,57.598,57.33,57.59,19516,178,57.516466
2019-11-26 05:00:00+00:00,57.63,57.63,57.3648,57.48,30613,212,57.493592
2019-11-27 05:00:00+00:00,57.61,57.692,57.516,57.65,20276,113,57.574411
2019-11-29 05:00:00+00:00,57.5902,57.5905,57.46,57.46,7250,44,57.550975
2019-12-02 05:00:00+00:00,57.56,57.56,57.065,57.07,18366,193,57.21151
2019-12-03 05:00:00+00:00,56.49,56.5722,56.25,56.54,22183,164,56.382365
2019-12-04 05:00:00+00:00,56.76,57.0298,56.76,56.87,31577,246,56.953747
2019-12-05 05:00:00+00:00,57.03,57.03,56.7128,56.895,62859,277,56.836911
2019-12-06 05:00:00+00:00,57.25,57.6,57.25,57.5099,20723,172,57.519495
2019-12-09 05:00:00+00:00,57.41,57.53,57.3,57.3,25817,183,57.423854
2019-12-10 05:00:00+00:00,57.29,57.31,57.142,57.2104,18761,182,57.244916
2019-12-11 05:00:00+00:00,57.25,57.36,57.181,57.3134,14849,135,57.269391
2019-12-12 05:00:00+00:00,57.31,58.07,57.31,58.07,41656,222,57.888378
2019-12-13 05:00:00+00:00,57.98,58.2122,57.6313,57.7581,21916,107,57.877655
2019-12-16 05:00:00+00:00,58.03,58.395,58.03,58.19,155727,579,58.346501
2019-12-17 05:00:00+00:00,58.3,58.3,58.169,58.17,18001,156,58.225535
2019-12-18 05:00:00+00:00,58.24,58.2597,58.11,58.11,17798,157,58.202515
2019-12-19 05:00:00+00:00,58.21,58.3167,58.21,58.31,24452,166,58.265229
2019-12-20 05:00:00+00:00,58.56,58.69,58.5,58.62,22938,153,58.636685
2019-12-23 05:00:00+00:00,58.51,58.51,58.3206,58.34,19399,141,58.37254
2019-12-24 05:00:00+00:00,58.31,58.4,58.28,58.2999,6611,96,58.313661
2019-12-26 05:00:00+00:00,58.36,58.48,58.36,58.48,33749,212,58.438845
2019-12-27 05:00:00+00:00,58.67,58.67,58.44,58.499,21055,187,58.52925
2019-12-30 05:00:00+00:00,58.46,58.501,58.17,58.17,35325,171,58.306999
2019-12-31 05:00:00+00:00,58.18,58.36,58.0,58.32,24482,148,58.161269
2020-01-02 05:00:00+00:00,58.67,58.74,58.3535,58.74,19620,180,58.495796
2020-01-03 05:00:00+00:00,58.18,58.36,58.1402,58.2,37295,247,58.243664
2020-01-06 05:00:00+00:00,57.85,58.34,57.8434,58.34,32804,202,58.202488
2020-01-07 05:00:00+00:00,58.23,58.2767,58.0767,58.1932,32566,178,58.199513
2020-01-08 05:00:00+00:00,58.1,58.5767,58.1,58.33,30203,175,58.393475
2020-01-09 05:00:00+00:00,58.58,58.6489,58.46,58.6489,20053,192,58.567346
2020-01-10 05:00:00+00:00,58.71,58.7351,58.38,58.47,35988,180,58.628314
2020-01-13 05:00:00+00:00,58.48,58.65,58.39,58.63,26485,172,58.536219
2020-01-14 05:00:00+00:00,58.65,58.935,58.65,58.8,30477,185,58.782164
2020-01-15 05:00:00+00:00,58.73,59.0336,58.66,58.86,58938,282,58.820136
2020-01-16 05:00:00+00:00,59.12,59.28,59.08,59.28,130090,169,59.104602
2020-01-17 05:00:00+00:00,59.5,59.5,59.26,59.37,14183,139,59.345644
2020-01-21 05:00:00+00:00,59.11,59.25,59.0399,59.08,163748,369,59.191657
2020-01-22 05:00:00+00:00,59.17,59.3185,59.07,59.07,18363,162,59.17553
2020-01-23 05:00:00+00:00,58.91,59.12,58.59,59.12,20491,164,58.895859
2020-01-24 05:00:00+00:00,59.19,59.19,58.09,58.4,25118,170,58.474009
2020-01-27 05:00:00+00:00,57.43,57.6929,57.2,57.4999,21176,181,57.557225
2020-01-28 05:00:00+00:00,57.86,58.19,57.7,58.03,28587,251,58.040876
2020-01-29 05:00:00+00:00,58.21,58.2385,57.81,57.81,20127,139,58.058591
2020-01-30 05:00:00+00:00,57.33,57.91,57.2,57.91,23889,169,57.445842
2020-01-31 05:00:00+00:00,57.72,57.72,56.608,56.83,35623,224,56.947666
2020-02-03 05:00:00+00:00,57.0,57.3702,56.94,56.95,20951,140,57.074595
2020-02-04 05:00:00+00:00,57.845,57.98,57.7799,57.78,25279,161,57.899821
2020-02-05 05:00:00+00:00,58.26,58.89,58.26,58.78,31105,190,58.680912
2020-02-06 05:00:00+00:00,59.05,59.1,58.862,58.93,27880,167,58.962191
2020-02-07 05:00:00+00:00,58.74,58.8324,58.5202,58.65,22542,161,58.691951
2020-02-10 05:00:00+00:00,58.48,58.9,58.48,58.9,15768,143,58.777476
2020-02-11 05:00:00+00:00,59.23,59.3821,59.13,59.24,34285,135,59.323498
2020-02-12 05:00:00+00:00,59.56,59.87,59.56,59.83,36240,266,59.768644
2020-02-13 05:00:00+00:00,59.61,59.81,59.54,59.6516,81855,307,59.736387
2020-02-14 05:00:00+00:00,59.72,59.72,59.345,59.48,25400,192,59.457154
2020-02-18 05:00:00+00:00,59.42,59.5314,59.14,59.36,34804,298,59.324991
2020-02-19 05:00:00+00:00,59.57,59.6771,59.495,59.59,46130,243,59.599443
2020-02-20 05:00:00+00:00,59.32,59.6708,59.03,59.57,21941,160,59.431924
2020-02-21 05:00:00+00:00,59.2,59.34,58.95,59.03,51014,274,59.092891
2020-02-24 05:00:00+00:00,57.24,57.56,56.845,57.06,183696,298,57.300098
2020-02-25 05:00:00+00:00,57.23,57.23,54.98,55.19,43586,317,55.721675
2020-02-26 05:00:00+00:00,55.35,55.85,54.61,54.67,31572,232,55.260012
2020-02-27 05:00:00+00:00,53.3,54.2799,52.42,52.42,238534,501,53.475106
2020-02-28 05:00:00+00:00,50.5,51.67,50.21,51.67,321039,725,50.84565
2020-03-02 05:00:00+00:00,52.1,53.93,51.56,53.93,72062,374,52.428682
2020-03-03 05:00:00+00:00,54.16,54.524,52.0659,52.38,43772,304,53.161315
2020-03-04 05:00:00+00:00,53.58,54.64,53.21,54.64,59287,235,53.672939
2020-03-05 05:00:00+00:00,53.25,53.646,52.29,52.6601,35342,207,52.938042
2020-03-06 05:00:00+00:00,50.88,51.9458,50.6966,51.77,113242,212,51.413736
2020-03-09 04:00:00+00:00,47.46,49.3002,46.2,47.81,81097,418,48.355536
2020-03-10 04:00:00+00:00,49.48,50.0087,47.5235,50.0029,69949,266,48.807281
2020-03-11 04:00:00+00:00,48.54,48.6967,46.97,47.6076,72050,325,47.621236
2020-03-12 04:00:00+00:00,43.83,45.42,42.1,42.9001,452508,721,43.452302
2020-03-13 04:00:00+00:00,45.04,46.66,42.73,46.66,171807,740,44.425377
2020-03-16 04:00:00+00:00,40.3,44.0399,39.09,41.795,116748,652,42.227423
2020-03-17 04:00:00+00:00,42.21,43.7899,40.7557,43.46,160386,438,42.519935
2020-03-18 04:00:00+00:00,40.67,42.247,39.029,41.55,175095,505,40.642333
2020-03-19 04:00:00+00:00,40.84,42.15,40.0367,41.37,222109,836,41.481681
2020-03-20 04:00:00+00:00,41.85,42.064,39.565,39.57,73004,325,40.826053
2020-03-23 04:00:00+00:00,39.11,39.12,37.4399,37.98,114685,571,38.273434
2020-03-24 04:00:00+00:00,39.75,41.4829,39.75,41.46,208453,880,40.71528
2020-03-25 04:00:00+00:00,41.44,43.79,40.9229,41.96,92750,395,42.648444
2020-03-26 04:00:00+00:00,42.42,44.78,42.42,44.6,131949,595,43.733279
2020-03-27 04:00:00+00:00,43.06,44.33,42.76,43.135,284556,786,43.425699
2020-03-30 04:00:00+00:00,43.34,44.64,43.15,44.51,69642,334,43.927139
2020-03-31 04:00:00+00:00,44.49,44.81,43.725,43.91,74911,329,44.277255
2020-04-01 04:00:00+00:00,42.02,42.818,41.63,42.06,72889,291,42.244309
2020-04-02 04:00:00+00:00,41.82,42.925,41.5,42.63,67364,349,42.191128
2020-04-03 04:00:00+00:00,42.38,42.7363,41.46,41.94,102008,445,41.760233
2020-04-06 04:00:00+00:00,43.45,45.03,43.37,44.79,60328,302,44.20618
2020-04-07 04:00:00+00:00,46.44,46.6,44.97,44.97,40133,205,45.96025
2020-04-08 04:00:00+00:00,45.66,46.75,45.2538,46.54,48098,218,46.172873
2020-04-09 04:00:00+00:00,47.34,47.9498,46.951,47.35,138099,426,47.618269
2020-04-13 04:00:00+00:00,47.23,47.23,46.1933,46.77,46306,196,46.550104
2020-04-14 04:00:00+00:00,47.63,48.0774,47.41,47.98,54488,206,47.805462
2020-04-15 04:00:00+00:00,46.72,47.0699,46.36,46.81,189286,179,46.867425
2020-04-16 04:00:00+00:00,46.9,47.068,46.3477,46.95,77025,263,46.693711
2020-04-17 04:00:00+00:00,47.84,48.37,47.6056,48.37,56324,280,47.94896
2020-04-20 04:00:00+00:00,47.45,48.2715,47.43,47.5,40485,224,47.817735
2020-04-21 04:00:00+00:00,46.24,46.7013,46.03,46.03,95667,372,46.257449
2020-04-22 04:00:00+00:00,46.86,47.14,46.6878,46.84,26717,177,46.939532
2020-04-23 04:00:00+00:00,46.94,47.6501,46.94,47.06,52372,260,47.308317
2020-04-24 04:00:00+00:00,47.14,47.75,46.98,47.63,23207,138,47.329346
2020-04-27 04:00:00+00:00,47.74,48.7,47.74,48.5,31837,181,48.298334
2020-04-28 04:00:00+00:00,48.88,49.3715,48.4901,48.61,82978,273,48.818471
2020-04-29 04:00:00+00:00,49.23,50.03,49.23,49.77,70471,289,49.746533
2020-04-30 04:00:00+00:00,49.27,49.4,48.74,48.97,74313,364,49.003444
2020-05-01 04:00:00+00:00,47.86,48.17,47.27,47.43,120238,272,47.687762
2020-05-04 04:00:00+00:00,47.2,47.6004,46.84,47.56,103505,258,47.195592
2020-05-05 04:00:00+00:00,48.12,48.44,47.8527,47.86,88828,241,48.208559
2020-05-06 04:00:00+00:00,48.08,48.21,47.31,47.31,45622,188,47.818864
2020-05-07 04:00:00+00:00,47.78,48.2959,47.76,47.8,56371,232,48.020512
2020-05-08 04:00:00+00:00,48.52,48.94,48.4095,48.94,99060,195,48.650636
2020-05-11 04:00:00+00:00,48.5,49.0454,48.48,48.76,44754,196,48.756418
2020-05-12 04:00:00+00:00,48.92,49.11,47.78,47.78,63295,196,48.653707
2020-05-13 04:00:00+00:00,47.53,47.6338,46.28,46.7,58624,290,46.841995
2020-05-14 04:00:00+00:00,46.03,47.22,45.75,47.19,180291,869,46.619212
2020-05-15 04:00:00+00:00,46.76,47.5099,46.72,47.44,36387,168,47.258621
2020-05-18 04:00:00+00:00,48.74,49.647,48.74,49.43,29441,178,49.316233
2020-05-19 04:00:00+00:00,49.27,49.54,48.78,48.78,35670,170,49.329893
2020-05-20 04:00:00+00:00,49.33,49.795,49.32,49.56,47620,190,49.632544
2020-05-21 04:00:00+00:00,49.4,49.7603,49.12,49.32,34816,215,49.397868
2020-05-22 04:00:00+00:00,49.52,49.52,49.01,49.4,38609,167,49.157061
2020-05-26 04:00:00+00:00,50.58,50.76,50.33,50.42,28850,179,50.590985
2020-05-27 04:00:00+00:00,51.03,51.49,50.45,51.48,37073,226,51.046211
2020-05-28 04:00:00+00:00,51.6,51.83,51.11,51.11,29046,260,51.585935
2020-05-29 04:00:00+00:00,50.82,51.24,50.42,51.08,79109,198,50.71331
2020-06-01 04:00:00+00:00,51.0,51.5499,50.97,51.41,22771,145,51.339581
2020-06-02 04:00:00+00:00,51.6,52.02,51.57,52.01,22335,159,51.820725
2020-06-03 04:00:00+00:00,52.41,53.099,52.41,52.9,46488,235,52.862441
2020-06-04 04:00:00+00:00,52.71,53.17,52.71,53.05,32226,187,52.900707
2020-06-05 04:00:00+00:00,54.63,55.075,54.42,54.6,35192,217,54.709221
2020-06-08 04:00:00+00:00,54.9,55.59,54.9,55.59,46333,245,55.300497
2020-06-09 04:00:00+00:00,54.86,54.9299,54.4532,54.67,25480,183,54.76222
2020-06-10 04:00:00+00:00,54.57,54.64,53.7,53.7,41141,341,54.104036
2020-06-11 04:00:00+00:00,51.86,52.35,50.38,50.38,78857,318,51.564587
2020-06-12 04:00:00+00:00,51.79,52.05,50.18,51.17,31691,194,51.073662
2020-06-15 04:00:00+00:00,49.89,51.7808,49.73,51.46,43673,328,50.76428
2020-06-16 04:00:00+00:00,52.96,53.13,51.8,52.55,63927,530,52.600003
2020-06-17 04:00:00+00:00,52.62,52.62,52.03,52.08,40225,275,52.360802
2020-06-18 04:00:00+00:00,51.67,52.27,51.67,52.07,39623,238,52.004338
2020-06-19 04:00:00+00:00,52.59,52.8,51.65,51.93,42321,267,52.29358
2020-06-22 04:00:00+00:00,51.7,51.77,51.14,51.69,31436,220,51.531356
2020-06-23 04:00:00+00:00,52.1,52.21,51.8,51.8,71463,407,52.027134
2020-06-24 04:00:00+00:00,51.43,51.43,49.9379,50.295,62986,516,50.468162
2020-06-25 04:00:00+00:00,49.9,50.81,49.77,50.76,51579,254,50.288394
2020-06-26 04:00:00+00:00,50.58,50.58,49.425,49.6,40704,223,49.852856
2020-06-29 04:00:00+00:00,50.08,50.56,49.63,50.52,79829,565,50.23465
2020-06-30 04:00:00+00:00,50.57,51.3585,50.33,51.15,60899,284,50.807001
2020-07-01 04:00:00+00:00,51.25,51.675,50.95,50.99,37333,252,51.214078
2020-07-02 04:00:00+00:00,51.63,52.03,51.19,51.28,97502,276,51.587896
2020-07-06 04:00:00+00:00,51.9,52.0971,51.68,51.92,29272,206,51.794457
2020-07-07 04:00:00+00:00,51.4,51.619,51.13,51.17,32053,184,51.480921
2020-07-08 04:00:00+00:00,51.34,51.45,50.87,51.24,126792,547,51.056569
2020-07-09 04:00:00+00:00,51.2,51.2307,50.04,50.4201,42623,260,50.439567
2020-07-10 04:00:00+00:00,50.58,51.45,50.4,51.45,36444,221,50.991278
2020-07-13 04:00:00+00:00,51.75,52.25,51.28,51.29,45104,264,51.7061
2020-07-14 04:00:00+00:00,51.11,52.22,51.04,52.15,28355,194,51.624461
2020-07-15 04:00:00+00:00,52.8,53.17,52.61,53.04,51504,209,52.941064
2020-07-16 04:00:00+00:00,52.66,53.2125,52.66,53.04,20919,162,52.989273
2020-07-17 04:00:00+00:00,53.12,53.34,52.97,53.01,33750,199,53.051449
2020-07-20 04:00:00+00:00,52.9,53.01,52.56,52.81,39053,277,52.768426
2020-07-21 04:00:00+00:00,53.17,53.66,53.17,53.4,27309,163,53.470174
2020-07-22 04:00:00+00:00,53.22,53.7,53.22,53.7,35058,232,53.482394
2020-07-23 04:00:00+00:00,53.6,53.89,53.3101,53.5,34409,191,53.680003
2020-07-24 04:00:00+00:00,53.04,53.4575,53.0201,53.16,29956,159,53.230321
2020-07-27 04:00:00+00:00,53.21,53.2735,52.93,53.24,18003,132,53.172563
2020-07-28 04:00:00+00:00,53.05,53.37,52.99,53.02,20391,137,53.231973
2020-07-29 04:00:00+00:00,53.21,53.82,53.17,53.69,19452,127,53.472466
2020-07-30 04:00:00+00:00,53.05,53.29,52.775,53.18,17731,91,53.082798
2020-07-31 04:00:00+00:00,53.12,53.19,52.4635,53.12,24402,124,52.759675
2020-08-03 04:00:00+00:00,53.28,53.6013,53.1915,53.5,19226,106,53.429527
2020-08-04 04:00:00+00:00,53.32,53.76,53.32,53.76,13203,104,53.582881
2020-08-05 04:00:00+00:00,53.98,54.1751,53.98,54.13,18083,171,54.087829
2020-08-06 04:00:00+00:00,53.98,54.169,53.95,54.14,27667,204,54.041172
2020-08-07 04:00:00+00:00,53.87,54.6,53.87,54.6,20981,101,54.271468
2020-08-10 04:00:00+00:00,54.6,55.38,54.6,55.3635,20526,148,55.154399
2020-08-11 04:00:00+00:00,55.61,56.15,55.1281,55.18,19290,108,55.696287
2020-08-12 04:00:00+00:00,55.76,55.76,55.4751,55.68,30938,177,55.664681
2020-08-13 04:00:00+00:00,55.27,55.4927,55.2193,55.31,138036,132,55.429607
2020-08-14 04:00:00+00:00,55.15,55.64,55.15,55.498,17207,108,55.580713
2020-08-17 04:00:00+00:00,55.69,55.73,55.495,55.53,17308,103,55.583309
2020-08-18 04:00:00+00:00,55.51,55.6109,55.286,55.331,13784,96,55.453806
2020-08-19 04:00:00+00:00,55.63,55.63,55.0714,55.15,17379,116,55.394253
2020-08-20 04:00:00+00:00,54.78,54.965,54.78,54.8,39637,286,54.873658
2020-08-21 04:00:00+00:00,54.68,54.9164,54.68,54.86,28138,487,54.824509
2020-08-24 04:00:00+00:00,55.23,55.7,55.1916,55.7,21412,113,55.541664
2020-08-25 04:00:00+00:00,56.05,56.05,55.39,55.6281,15740,108,55.631343
2020-08-26 04:00:00+00:00,55.54,55.7335,55.362,55.6201,24078,135,55.541136
2020-08-27 04:00:00+00:00,55.68,56.21,55.68,56.05,14016,91,56.018681
2020-08-28 04:00:00+00:00,56.19,56.4799,56.0239,56.45,19890,125,56.289044
2020-08-31 04:00:00+00:00,56.24,56.3,56.0,56.0,19886,139,56.156561
2020-09-01 04:00:00+00:00,55.86,56.27,55.76,56.27,23245,125,56.083169
2020-09-02 04:00:00+00:00,56.49,57.3151,56.4823,57.2699,19522,146,56.896746
2020-09-03 04:00:00+00:00,56.97,57.48,55.47,55.89,36095,191,56.043707
2020-09-04 04:00:00+00:00,56.13,56.35,54.89,55.8,81078,182,55.386146
2020-09-08 04:00:00+00:00,55.27,55.31,54.5,54.64,41983,322,54.77435
2020-09-09 04:00:00+00:00,54.97,55.62,54.96,55.21,324875,361,55.583424
2020-09-10 04:00:00+00:00,55.31,55.543,54.19,54.3301,27798,154,54.963806
2020-09-11 04:00:00+00:00,54.42,54.7167,54.111,54.5,34138,206,54.421837
2020-09-14 04:00:00+00:00,54.76,55.365,54.76,55.24,18103,121,55.168172
2020-09-15 04:00:00+00:00,55.45,55.55,55.02,55.13,18791,166,55.345014
2020-09-16 04:00:00+00:00,55.33,56.009,55.33,55.5018,23329,143,55.629148
2020-09-17 04:00:00+00:00,54.64,55.3801,54.64,55.2,15601,102,55.005849
2020-09-18 04:00:00+00:00,55.18,55.339,54.5527,54.8535,35517,107,55.107764
2020-09-21 04:00:00+00:00,53.73,53.73,52.6803,53.34,22057,180,53.000247
2020-09-22 04:00:00+00:00,53.47,53.52,53.16,53.491,13214,132,53.359248
2020-09-23 04:00:00+00:00,53.49,53.73,52.31,52.31,17944,138,52.935282
2020-09-24 04:00:00+00:00,52.04,52.905,51.8,52.36,20032,123,52.387876
2020-09-25 04:00:00+00:00,52.05,53.114,52.05,53.02,40535,145,52.500451
2020-09-28 04:00:00+00:00,53.51,54.1206,53.51,53.9,24188,172,53.945835
2020-09-29 04:00:00+00:00,53.7473,53.84,53.2357,53.45,23003,127,53.526568
2020-09-30 04:00:00+00:00,53.68,54.47,53.68,53.93,30594,174,54.051725
2020-10-01 04:00:00+00:00,54.16,54.26,53.73,54.03,62391,216,53.909759
2020-10-02 04:00:00+00:00,53.2,54.2427,53.2,54.2427,20422,146,54.052875
2020-10-05 04:00:00+00:00,54.53,54.9627,54.53,54.88,12029,102,54.778469
2020-10-06 04:00:00+00:00,55.05,55.48,54.18,54.28,38143,235,55.025181
2020-10-07 04:00:00+00:00,54.9839,55.35,54.91,55.23,130468,149,55.186958
2020-10-08 04:00:00+00:00,55.44,55.98,55.44,55.98,279363,199,55.643617
2020-10-09 04:00:00+00:00,56.29,56.3245,55.9359,56.08,18028,144,56.198809
2020-10-12 04:00:00+00:00,56.4,56.805,56.2,56.648,21516,125,56.595861
2020-10-13 04:00:00+00:00,56.35,56.4,56.065,56.2,14614,104,56.270032
2020-10-14 04:00:00+00:00,56.47,56.47,55.8901,55.9651,13073,111,56.109616
2020-10-15 04:00:00+00:00,55.19,56.19,55.19,56.115,30790,159,55.809589
2020-10-16 04:00:00+00:00,56.21,56.56,56.21,56.2227,23224,111,56.413614
2020-10-19 04:00:00+00:00,56.22,56.39,55.3426,55.36,153349,116,56.287539
2020-10-20 04:00:00+00:00,55.68,56.22,55.63,55.7523,21785,143,55.906472
2020-10-21 04:00:00+00:00,55.72,55.9232,55.545,55.6,19887,132,55.744116
2020-10-22 04:00:00+00:00,55.5,56.2601,55.43,56.175,20106,96,55.97233
2020-10-23 04:00:00+00:00,56.34,56.52,56.04,56.37,17159,122,56.254236
2020-10-26 04:00:00+00:00,55.62,55.62,54.717,55.16,20834,114,55.039454
2020-10-27 04:00:00+00:00,55.09,55.09,54.5686,54.5686,33374,109,54.857319
2020-10-28 04:00:00+00:00,53.6,53.6,52.83,52.83,40940,222,53.208481
2020-10-29 04:00:00+00:00,52.94,53.6607,52.67,53.27,195554,158,52.756796
2020-10-30 04:00:00+00:00,52.84,53.301,52.5099,53.13,48858,174,52.798876
2020-11-02 05:00:00+00:00,53.66,54.25,53.66,54.15,25733,153,53.995944
2020-11-03 05:00:00+00:00,54.76,55.5635,54.76,55.534,22770,164,55.336695
2020-11-04 05:00:00+00:00,55.59,56.517,55.37,55.7,23494,184,56.161857
2020-11-05 05:00:00+00:00,56.47,57.138,56.47,56.89,15172,128,56.970408
2020-11-06 05:00:00+00:00,56.78,56.9801,56.558,56.75,24613,172,56.779444
2020-11-09 05:00:00+00:00,59.0,59.9883,59.0,59.2899,27901,171,59.440966
2020-11-10 05:00:00+00:00,58.8,59.677,58.8,59.51,28936,221,59.361248
2020-11-11 05:00:00+00:00,59.7866,59.7866,59.221,59.36,17345,131,59.438601
2020-11-12 05:00:00+00:00,58.9,59.181,58.3299,58.67,21001,127,58.6675
2020-11-13 05:00:00+00:00,59.03,60.04,59.03,59.87,12263,95,59.743243
2020-11-16 05:00:00+00:00,61.0,61.11,60.6,61.11,36825,276,60.961075
2020-11-17 05:00:00+00:00,60.47,60.81,60.0275,60.49,18317,115,60.525506
2020-11-18 05:00:00+00:00,60.64,61.0071,60.01,60.01,19353,132,60.7202
2020-11-19 05:00:00+00:00,59.87,60.06,59.529,60.03,14991,111,59.795778
2020-11-20 05:00:00+00:00,59.8,60.0377,59.5802,59.615,21323,149,59.729052
2020-11-23 05:00:00+00:00,59.89,60.67,59.89,60.58,27635,153,60.386054
2020-11-24 05:00:00+00:00,61.04,62.11,61.04,62.03,34974,177,61.718939
2020-11-25 05:00:00+00:00,61.77,61.77,61.39,61.61,15330,119,61.626074
2020-11-27 05:00:00+00:00,61.66,61.84,61.54,61.61,14288,91,61.710438
2020-11-30 05:00:00+00:00,61.38,61.38,60.8868,60.96,45386,201,60.977334
2020-12-01 05:00:00+00:00,61.8075,62.081,61.43,61.52,22979,127,61.785166
2020-12-02 05:00:00+00:00,61.2,61.977,61.2,61.92,20538,135,61.730726
2020-12-03 05:00:00+00:00,61.81,62.44,61.81,62.1,92472,199,62.267427
2020-12-04 05:00:00+00:00,62.27,62.96,62.27,62.96,19296,115,62.737509
2020-12-07 05:00:00+00:00,62.87,62.87,62.375,62.56,52624,246,62.57081
2020-12-08 05:00:00+00:00,62.12,62.9,62.12,62.84,99564,179,62.597135
2020-12-09 05:00:00+00:00,63.32,63.32,62.3474,62.7,22175,153,62.727433
2020-12-10 05:00:00+00:00,62.43,62.69,62.41,62.57,33273,131,62.573891
2020-12-11 05:00:00+00:00,62.54,62.54,61.775,62.21,21358,221,62.152161
2020-12-14 05:00:00+00:00,62.61,62.7045,61.53,61.53,23171,152,61.967166
2020-12-15 05:00:00+00:00,61.82,62.3911,61.621,62.31,34178,191,62.143854
2020-12-16 05:00:00+00:00,62.46,62.46,62.0285,62.12,92796,151,62.264672
2020-12-17 05:00:00+00:00,62.34,62.4585,62.19,62.3784,21903,153,62.317971
2020-12-18 05:00:00+00:00,62.25,62.333,61.65,62.0,23599,178,61.967788
2020-12-21 05:00:00+00:00,60.83,61.56,60.7,61.49,32095,183,61.180109
2020-12-22 05:00:00+00:00,61.33,61.33,61.0016,61.0315,24990,147,61.190716
2020-12-23 05:00:00+00:00,61.17,61.75,61.17,61.49,87648,236,61.639388
2020-12-24 05:00:00+00:00,61.7,61.7,61.38,61.52,14194,75,61.427153
2020-12-28 05:00:00+00:00,62.08,62.1638,61.8711,61.9166,17336,117,61.985989
2020-12-29 05:00:00+00:00,62.18,62.2569,61.67,61.755,19811,166,61.835251
2020-12-30 05:00:00+00:00,61.77,62.1018,61.77,61.94,23057,151,61.924642
2020-12-31 05:00:00+00:00,62.0,62.31,61.79,62.28,20244,174,61.985806
2021-01-04 05:00:00+00:00,62.64,62.64,61.0855,61.69,26288,225,61.599318
2021-01-05 05:00:00+00:00,61.42,62.4001,61.42,62.12,51184,237,61.84978
2021-01-06 05:00:00+00:00,62.02,63.8997,62.02,63.49,30119,246,63.43357
2021-01-07 05:00:00+00:00,64.08,64.39,63.871,64.24,53321,215,64.28688
2021-01-08 05:00:00+00:00,64.58,64.58,63.66,64.2557,34165,195,64.062977
2021-01-11 05:00:00+00:00,63.56,64.4014,63.56,64.26,31158,276,64.102583
2021-01-12 05:00:00+00:00,64.27,64.78,64.27,64.7,22186,210,64.644084
2021-01-13 05:00:00+00:00,64.59,64.7999,64.46,64.59,52395,207,64.625838
2021-01-14 05:00:00+00:00,64.74,65.18,64.7149,64.82,30647,181,64.952688
2021-01-15 05:00:00+00:00,64.2,64.465,63.95,64.23,76521,207,64.375529
2021-01-19 05:00:00+00:00,64.58,64.64,64.325,64.52,24047,176,64.536904
2021-01-20 05:00:00+00:00,64.6,65.08,64.55,64.97,22983,278,64.813534
2021-01-21 05:00:00+00:00,65.23,65.23,64.845,64.88,24353,177,64.947609
2021-01-22 05:00:00+00:00,64.3,64.775,64.3,64.65,20376,134,64.577605
2021-01-25 05:00:00+00:00,64.54,64.62,64.0,64.56,23730,194,64.406265
2021-01-26 05:00:00+00:00,64.69,64.8629,64.4027,64.52,20765,177,64.606723
2021-01-27 05:00:00+00:00,63.92,63.92,62.8021,63.13,30967,264,63.445851
2021-01-28 05:00:00+00:00,63.33,64.11,63.33,63.55,42554,222,63.883286
2021-01-29 05:00:00+00:00,63.39,63.46,62.195,62.29,32343,216,62.607728
2021-02-01 05:00:00+00:00,62.76,63.0799,62.355,62.78,17715,153,62.786646
2021-02-02 05:00:00+00:00,63.37,64.0393,63.37,63.58,26185,197,63.796945
2021-02-03 05:00:00+00:00,63.74,64.16,63.6,64.05,26362,177,63.938556
2021-02-04 05:00:00+00:00,64.02,64.78,64.02,64.75,18777,134,64.562537
2021-02-05 05:00:00+00:00,65.07,65.1966,64.915,64.92,16357,161,64.995143
2021-02-08 05:00:00+00:00,65.13,65.61,65.13,65.58,21200,171,65.377427
2021-02-09 05:00:00+00:00,65.38,65.75,65.38,65.62,29947,191,65.596131
2021-02-10 05:00:00+00:00,65.8,65.9,65.2195,65.68,20177,155,65.642685
2021-02-11 05:00:00+00:00,65.72,65.7933,65.1683,65.48,24060,157,65.446155
2021-02-12 05:00:00+00:00,65.27,65.7557,65.27,65.74,17498,143,65.567793
2021-02-16 05:00:00+00:00,65.91,66.129,65.74,65.77,37026,186,65.891204
2021-02-17 05:00:00+00:00,65.64,66.1421,65.4516,66.09,45936,178,65.851545
2021-02-18 05:00:00+00:00,65.49,65.765,65.3991,65.57,74051,297,65.58009
2021-02-19 05:00:00+00:00,65.7,66.0899,65.7,65.85,23515,167,65.944802
2021-02-22 05:00:00+00:00,65.64,66.335,65.62,66.01,21724,235,66.095812
2021-02-23 05:00:00+00:00,65.67,66.26,65.52,66.21,26094,238,65.886252
2021-02-24 05:00:00+00:00,65.95,67.02,65.95,66.98,18337,156,66.626559
2021-02-25 05:00:00+00:00,66.77,66.97,65.39,65.52,30138,239,66.077431
2021-02-26 05:00:00+00:00,65.55,65.78,64.69,65.02,224470,210,65.688219
2021-03-01 05:00:00+00:00,65.72,66.7382,65.72,66.39,21769,167,66.52587
2021-03-02 05:00:00+00:00,66.36,66.68,66.2,66.2,41723,209,66.480588
2021-03-03 05:00:00+00:00,66.1,66.6341,65.99,65.99,28784,207,66.400678
2021-03-04 05:00:00+00:00,66.43,66.44,64.61,65.46,27973,219,65.629481
2021-03-05 05:00:00+00:00,65.96,66.9986,65.1,66.95,37257,159,66.224842
2021-03-08 05:00:00+00:00,67.5,68.19,67.18,67.42,35144,260,67.779447
2021-03-09 05:00:00+00:00,67.98,68.1107,67.44,67.53,61895,243,67.856145
2021-03-10 05:00:00+00:00,67.96,68.72,67.9,68.56,20037,194,68.313067
2021-03-11 05:00:00+00:00,68.71,69.055,68.54,68.68,28493,210,68.794119
2021-03-12 05:00:00+00:00,68.83,69.38,68.81,69.38,23577,150,69.082092
2021-03-15 04:00:00+00:00,69.32,69.69,69.0,69.69,43171,221,69.340325
2021-03-16 04:00:00+00:00,69.58,69.58,69.13,69.16,26227,230,69.257132
2021-03-17 04:00:00+00:00,68.82,69.4647,68.82,69.45,26096,216,69.136444
2021-03-18 04:00:00+00:00,69.18,69.8041,68.7808,68.88,177904,260,69.505422
2021-03-19 04:00:00+00:00,68.98,69.22,68.5,68.89,22106,198,69.001935
2021-03-22 04:00:00+00:00,68.34,68.9325,68.34,68.79,23389,227,68.729553
2021-03-23 04:00:00+00:00,68.35,68.68,67.929,68.04,15335,157,68.417402
2021-03-24 04:00:00+00:00,68.61,68.85,68.09,68.09,51217,296,68.452148
2021-03-25 04:00:00+00:00,68.0,68.86,67.5671,68.73,41680,344,68.330023
2021-03-26 04:00:00+00:00,69.35,69.8,68.92,69.79,174295,540,69.115714
2021-03-29 04:00:00+00:00,69.78,70.01,69.3601,69.73,28482,286,69.7845
2021-03-30 04:00:00+00:00,69.84,69.9336,69.64,69.81,37646,244,69.818905
2021-03-31 04:00:00+00:00,70.13,70.13,69.52,69.52,29590,253,69.857787
2021-04-01 04:00:00+00:00,69.89,69.98,69.45,69.98,26781,209,69.784289
2021-04-05 04:00:00+00:00,70.34,70.95,70.34,70.83,36388,291,70.754486
2021-04-06 04:00:00+00:00,71.01,71.01,70.6373,70.7079,28031,247,70.80746
2021-04-07 04:00:00+00:00,70.7,70.9,70.5941,70.7199,24473,202,70.713023
2021-04-08 04:00:00+00:00,70.82,70.82,70.4907,70.66,27730,167,70.636933
2021-04-09 04:00:00+00:00,70.65,71.19,70.65,71.19,48189,244,70.898382
2021-04-12 04:00:00+00:00,71.3,71.349,71.155,71.29,108159,333,71.212514
2021-04-13 04:00:00+00:00,71.36,71.36,70.89,71.13,19344,211,71.081477
2021-04-14 04:00:00+00:00,70.99,71.5525,70.99,71.2192,29151,191,71.352472
2021-04-15 04:00:00+00:00,71.65,71.81,71.495,71.81,22415,178,71.698557
2021-04-16 04:00:00+00:00,72.13,72.27,71.96,72.14,67551,172,72.106905
2021-04-19 04:00:00+00:00,72.26,72.26,71.77,71.8653,17413,180,71.929127
2021-04-20 04:00:00+00:00,71.82,71.82,71.1822,71.4,31719,248,71.363049
2021-04-21 04:00:00+00:00,71.18,72.15,71.18,72.12,36102,195,71.946059
2021-04-22 04:00:00+00:00,72.3,72.3,71.38,71.52,22624,191,71.911026
2021-04-23 04:00:00+00:00,71.7,72.335,71.653,72.13,26971,200,72.002601
2021-04-26 04:00:00+00:00,72.36,72.36,71.9742,71.9742,14896,153,72.147796
2021-04-27 04:00:00+00:00,72.04,72.1824,71.914,72.16,13849,141,72.076316
2021-04-28 04:00:00+00:00,72.11,72.3665,72.11,72.172,25907,162,72.251714
2021-04-29 04:00:00+00:00,72.62,72.89,72.3982,72.83,40715,254,72.703819
2021-04-30 04:00:00+00:00,72.69,72.715,72.3091,72.43,22096,185,72.457843
2021-05-03 04:00:00+00:00,73.01,73.363,72.9592,73.17,16921,164,73.202201
2021-05-04 04:00:00+00:00,72.89,73.17,72.64,73.15,95296,404,72.912164
2021-05-05 04:00:00+00:00,73.32,73.555,73.06,73.33,60196,407,73.261358
2021-05-06 04:00:00+00:00,73.43,73.94,73.09,73.94,22403,154,73.434063
2021-05-07 04:00:00+00:00,73.76,74.698,73.76,74.59,17645,186,74.471752
2021-05-10 04:00:00+00:00,74.69,75.328,74.57,74.58,222899,202,74.8178
2021-05-11 04:00:00+00:00,74.04,74.04,73.1301,73.49,44368,316,73.495896
2021-05-12 04:00:00+00:00,73.58,73.58,72.11,72.12,22871,323,72.696716
2021-05-13 04:00:00+00:00,72.2,73.35,72.2,73.1258,49812,406,73.021883
2021-05-14 04:00:00+00:00,73.55,74.04,73.53,73.91,18309,201,73.846886
2021-05-17 04:00:00+00:00,73.98,74.0737,73.69,74.0,30853,291,73.919598
2021-05-18 04:00:00+00:00,74.21,74.21,73.49,73.49,39479,237,73.848241
2021-05-19 04:00:00+00:00,72.66,73.08,72.23,73.08,50079,290,72.805691
2021-05-20 04:00:00+00:00,73.3,73.719,73.05,73.49,40218,192,73.451791
2021-05-21 04:00:00+00:00,73.68,74.1966,73.635,73.71,54249,390,73.840362
2021-05-24 04:00:00+00:00,73.92,74.24,73.92,74.02,16768,210,74.138829
2021-05-25 04:00:00+00:00,74.06,74.21,73.64,73.65,19214,231,73.843673
2021-05-26 04:00:00+00:00,73.85,73.859,73.485,73.81,19448,173,73.799701
2021-05-27 04:00:00+00:00,74.21,74.34,74.059,74.16,17860,177,74.143234
2021-05-28 04:00:00+00:00,74.3,74.3,74.0,74.0,22952,126,74.13277
2021-06-01 04:00:00+00:00,74.36,74.56,74.02,74.13,46010,291,74.193211
2021-06-02 04:00:00+00:00,74.41,74.41,74.1697,74.27,62872,241,74.252759
2021-06-03 04:00:00+00:00,73.86,74.49,73.81,74.37,171617,209,74.419578
2021-06-04 04:00:00+00:00,74.59,74.73,74.455,74.67,15538,132,74.556649
2021-06-07 04:00:00+00:00,74.81,74.81,74.3719,74.51,21330,163,74.462744
2021-06-08 04:00:00+00:00,74.5,74.58,74.2132,74.5389,13312,190,74.461466
2021-06-09 04:00:00+00:00,74.55,74.55,74.1268,74.15,52866,165,74.273349
2021-06-10 04:00:00+00:00,74.52,74.52,74.175,74.26,109520,261,74.335558
2021-06-11 04:00:00+00:00,74.43,74.43,74.18,74.3304,19691,115,74.244396
2021-06-14 04:00:00+00:00,74.0099,74.06,73.72,74.06,18077,172,73.867726
2021-06-15 04:00:00+00:00,74.29,74.29,73.87,74.1677,26051,248,74.121939
2021-06-16 04:00:00+00:00,74.18,74.18,73.46,73.6619,46018,270,73.824218
2021-06-17 04:00:00+00:00,73.65,73.9,72.66,73.1252,22485,244,73.118693
2021-06-18 04:00:00+00:00,72.69,72.69,71.9337,71.9337,26509,285,72.167338
2021-06-21 04:00:00+00:00,72.09,72.82,72.0063,72.79,21084,227,72.606877
2021-06-22 04:00:00+00:00,72.79,73.26,72.67,73.04,37879,209,73.08772
2021-06-23 04:00:00+00:00,73.05,73.1761,72.91,72.91,21902,196,73.079112
2021-06-24 04:00:00+00:00,73.32,73.39,73.16,73.3154,14250,212,73.287818
2021-06-25 04:00:00+00:00,73.53,73.76,73.395,73.76,18410,179,73.65769
2021-06-28 04:00:00+00:00,73.74,73.74,73.3441,73.55,32094,206,73.532533
2021-06-29 04:00:00+00:00,73.78,73.81,73.4,73.45,32605,275,73.598777
2021-06-30 04:00:00+00:00,73.44,73.78,73.42,73.71,30439,270,73.595883
2021-07-01 04:00:00+00:00,73.8547,74.0833,73.8547,74.07,20450,229,73.989774
2021-07-02 04:00:00+00:00,73.992,74.375,73.992,74.32,20100,186,74.269697
2021-07-06 04:00:00+00:00,74.21,74.21,73.305,73.76,29049,306,73.658506
2021-07-07 04:00:00+00:00,73.65,74.03,73.65,73.93,332506,1167,73.963154
2021-07-08 04:00:00+00:00,73.03,73.485,72.83,73.32,347335,457,73.361352
2021-07-09 04:00:00+00:00,73.75,74.2951,73.75,74.24,102371,326,74.110352
2021-07-12 04:00:00+00:00,74.05,74.515,74.05,74.4694,35257,176,74.429054
2021-07-13 04:00:00+00:00,74.37,74.47,74.02,74.02,28596,287,74.209821
2021-07-14 04:00:00+00:00,74.24,74.405,73.9472,73.99,21269,185,74.137442
2021-07-15 04:00:00+00:00,73.77,73.995,73.655,73.88,23828,255,73.861942
2021-07-16 04:00:00+00:00,74.13,74.13,73.23,73.28,16075,137,73.595358
2021-07-19 04:00:00+00:00,72.28,72.44,71.6501,72.0511,28170,339,71.930318
2021-07-20 04:00:00+00:00,72.49,73.62,72.49,73.33,17560,288,73.297608
2021-07-21 04:00:00+00:00,73.72,73.97,73.72,73.9412,39921,361,73.871095
2021-07-22 04:00:00+00:00,73.89,73.91,73.605,73.84,27141,188,73.808817
2021-07-23 04:00:00+00:00,74.3,74.46,74.07,74.38,50034,311,74.238138
2021-07-26 04:00:00+00:00,74.37,74.6745,74.37,74.6247,19414,151,74.529198
2021-07-27 04:00:00+00:00,74.31,74.44,74.095,74.43,49274,272,74.245626
2021-07-28 04:00:00+00:00,74.41,74.5557,74.14,74.29,15345,190,74.265116
2021-07-29 04:00:00+00:00,74.61,74.96,74.61,74.8,17487,192,74.840644
2021-07-30 04:00:00+00:00,74.42,74.69,74.24,74.27,14854,223,74.39756
2021-08-02 04:00:00+00:00,74.62,74.83,74.21,74.24,18896,253,74.536409
2021-08-03 04:00:00+00:00,74.42,74.98,73.95,74.98,29473,323,74.696544
2021-08-04 04:00:00+00:00,74.55,74.675,74.22,74.22,22753,336,74.425065
2021-08-05 04:00:00+00:00,74.29,74.4125,74.08,74.27,11357,186,74.183399
2021-08-06 04:00:00+00:00,74.53,74.725,74.5181,74.63,9696,153,74.625856
2021-08-09 04:00:00+00:00,74.55,74.6185,74.39,74.5,49117,185,74.552281
2021-08-10 04:00:00+00:00,74.7,75.07,74.7,75.01,19490,237,74.942453
2021-08-11 04:00:00+00:00,75.25,75.4685,75.12,75.455,15520,181,75.318161
2021-08-12 04:00:00+00:00,75.5,75.5187,75.21,75.4958,13139,123,75.381279
2021-08-13 04:00:00+00:00,75.55,75.58,75.3688,75.42,15123,172,75.46026
2021-08-16 04:00:00+00:00,75.21,75.66,74.98,75.66,83076,362,75.389905
2021-08-17 04:00:00+00:00,75.33,75.4101,74.7051,75.1849,13869,168,75.055498
2021-08-18 04:00:00+00:00,74.95,75.31,74.35,74.35,17327,191,75.075347
2021-08-19 04:00:00+00:00,73.93,74.4093,73.83,74.23,17301,259,74.221417
2021-08-20 04:00:00+00:00,74.22,74.7795,74.22,74.7279,18670,184,74.61415
2021-08-23 04:00:00+00:00,75.15,75.3846,75.1113,75.15,26006,237,75.290168
2021-08-24 04:00:00+00:00,75.42,75.51,75.27,75.32,48596,393,75.394253
2021-08-25 04:00:00+00:00,75.46,75.7011,75.25,75.55,33865,323,75.5585
2021-08-26 04:00:00+00:00,75.65,75.65,74.9004,74.92,279645,264,74.990292
2021-08-27 04:00:00+00:00,75.13,75.68,75.13,75.62,21083,218,75.529105
2021-08-30 04:00:00+00:00,75.6,75.87,75.57,75.65,20452,221,75.758191
2021-08-31 04:00:00+00:00,75.57,75.93,75.57,75.774,18601,165,75.770668
2021-09-01 04:00:00+00:00,75.93,75.93,75.45,75.58,107619,327,75.627674
2021-09-02 04:00:00+00:00,75.94,76.229,75.8701,76.16,29387,276,76.09334
2021-09-03 04:00:00+00:00,76.23,76.23,75.8995,76.01,16408,270,76.023478
2021-09-07 04:00:00+00:00,76.0,76.0,75.48,75.48,26573,307,75.650111
2021-09-08 04:00:00+00:00,75.39,75.619,75.17,75.38,17251,237,75.370092
2021-09-09 04:00:00+00:00,75.44,75.68,75.06,75.06,27921,291,75.335981
2021-09-10 04:00:00+00:00,75.48,75.48,74.4,74.4,29521,305,74.796136
2021-09-13 04:00:00+00:00,75.03,75.05,74.56,74.93,17460,264,74.811104
2021-09-14 04:00:00+00:00,75.04,75.1115,74.1,74.19,22870,263,74.440022
2021-09-15 04:00:00+00:00,74.2,75.0684,74.2,74.94,17634,220,74.757739
2021-09-16 04:00:00+00:00,74.93,75.11,74.3772,74.82,24720,266,74.753915
2021-09-17 04:00:00+00:00,74.81,74.8595,74.3573,74.4,37245,228,74.52642
2021-09-20 04:00:00+00:00,73.16,73.225,72.08,72.86,77153,385,72.765451
2021-09-21 04:00:00+00:00,73.24,73.3718,72.6,72.6,34324,294,72.862445
2021-09-22 04:00:00+00:00,73.3,73.66,73.07,73.23,25522,263,73.417287
2021-09-23 04:00:00+00:00,73.73,74.48,73.52,74.14,22406,203,74.161521
2021-09-24 04:00:00+00:00,73.81,74.38,73.81,74.28,8960,166,74.255956
2021-09-27 04:00:00+00:00,74.45,74.9016,74.45,74.6374,14888,182,74.771725
2021-09-28 04:00:00+00:00,74.6,74.6,73.62,73.71,29392,274,73.945699
2021-09-29 04:00:00+00:00,73.79,74.2225,73.79,73.95,25756,189,74.046137
2021-09-30 04:00:00+00:00,74.25,74.25,72.76,72.76,16773,206,73.40685
2021-10-01 04:00:00+00:00,73.01,73.7773,72.4,73.41,24859,228,73.240632
2021-10-04 04:00:00+00:00,73.51,73.795,72.7624,72.97,23746,305,73.066496
2021-10-05 04:00:00+00:00,73.21,73.95,73.06,73.56,23733,203,73.801069
2021-10-06 04:00:00+00:00,73.12,73.64,72.5785,73.62,19263,273,73.069223
2021-10-07 04:00:00+00:00,74.05,74.785,74.05,74.35,25878,265,74.50428
2021-10-08 04:00:00+00:00,74.64,74.64,74.3625,74.46,14234,184,74.534564
2021-10-11 04:00:00+00:00,74.51,75.01,74.06,74.06,16994,153,74.500331
2021-10-12 04:00:00+00:00,74.09,74.269,73.71,73.87,11286,170,73.985343
2021-10-13 04:00:00+00:00,74.13,74.13,73.1,73.7824,30028,294,73.683041
2021-10-14 04:00:00+00:00,74.38,75.05,74.38,74.98,18324,262,74.873695
2021-10-15 04:00:00+00:00,75.34,75.6649,75.34,75.45,15646,280,75.507374
2021-10-18 04:00:00+00:00,75.2,75.64,75.035,75.42,12203,237,75.410794
2021-10-19 04:00:00+00:00,75.6,76.01,75.6,75.9579,27841,306,75.862013
2021-10-20 04:00:00+00:00,75.93,76.7895,75.93,76.73,17595,257,76.606928
2021-10-21 04:00:00+00:00,76.6,76.87,76.4717,76.87,16680,247,76.660208
2021-10-22 04:00:00+00:00,76.99,77.12,76.69,76.9955,18421,222,76.959655
2021-10-25 04:00:00+00:00,77.29,77.3,76.9401,77.12,14186,264,77.178771
2021-10-26 04:00:00+00:00,77.49,77.49,77.08,77.14,17489,273,77.262967
2021-10-27 04:00:00+00:00,77.38,77.38,76.23,76.23,18631,255,76.686655
2021-10-28 04:00:00+00:00,76.52,76.98,76.52,76.98,18277,286,76.793066
2021-10-29 04:00:00+00:00,76.61,76.9701,76.61,76.8773,29628,327,76.831803
2021-11-01 04:00:00+00:00,77.02,77.3188,77.01,77.27,23220,286,77.147528
2021-11-02 04:00:00+00:00,77.37,77.4827,77.321,77.41,15828,222,77.397693
2021-11-03 04:00:00+00:00,77.18,78.22,77.18,78.2043,12914,248,77.839717
2021-11-04 04:00:00+00:00,78.38,78.39,77.901,78.18,20512,287,78.125782
2021-11-05 04:00:00+00:00,78.5,79.01,78.45,78.59,29141,333,78.669905
2021-11-08 05:00:00+00:00,78.71,78.9,78.5825,78.6786,11303,302,78.705987
2021-11-09 05:00:00+00:00,78.78,78.78,78.35,78.59,25108,273,78.557308
2021-11-10 05:00:00+00:00,78.67,78.78,78.12,78.23,15782,276,78.511899
2021-11-11 05:00:00+00:00,78.29,78.5,78.255,78.39,20229,239,78.420416
2021-11-12 05:00:00+00:00,78.37,78.76,78.3627,78.7,19292,210,78.552105
2021-11-15 05:00:00+00:00,78.91,78.92,78.58,78.65,20800,327,78.757056
2021-11-16 05:00:00+00:00,78.86,78.9894,78.6099,78.6173,30352,347,78.839371
2021-11-17 05:00:00+00:00,78.78,78.78,78.31,78.31,37844,341,78.4214
2021-11-18 05:00:00+00:00,78.37,78.42,77.91,78.35,22019,265,78.293359
2021-11-19 05:00:00+00:00,78.26,78.26,77.52,77.59,25490,331,77.747957
2021-11-22 05:00:00+00:00,77.7,78.6311,77.7,78.05,22491,310,78.378863
2021-11-23 05:00:00+00:00,78.22,78.62,78.03,78.61,24049,227,78.420706
2021-11-24 05:00:00+00:00,78.46,78.56,78.3082,78.53,15767,262,78.453468
2021-11-26 05:00:00+00:00,77.34,77.34,76.48,76.784,19627,264,76.752206
2021-11-29 05:00:00+00:00,77.53,77.53,76.78,77.15,21423,252,77.243909
2021-11-30 05:00:00+00:00,76.63,76.63,75.26,75.4,25878,316,75.912145
2021-12-01 05:00:00+00:00,76.27,76.8799,74.6,74.6,31010,348,76.085297
2021-12-02 05:00:00+00:00,74.87,76.3191,74.65,75.93,88836,481,75.991513
2021-12-03 05:00:00+00:00,76.21,76.51,75.2084,75.79,30282,377,75.688646
2021-12-06 05:00:00+00:00,76.25,77.2991,76.25,76.85,230762,733,77.024036
2021-12-07 05:00:00+00:00,77.44,78.15,77.44,77.88,53817,444,77.992079
2021-12-08 05:00:00+00:00,78.28,78.28,77.65,77.93,29025,328,77.908575
2021-12-09 05:00:00+00:00,77.64,78.09,77.64,77.85,19722,252,77.894232
2021-12-10 05:00:00+00:00,78.32,78.72,78.0517,78.71,22404,327,78.365229
2021-12-13 05:00:00+00:00,78.43,78.435,77.97,77.97,28535,312,78.109425
2021-12-14 05:00:00+00:00,77.72,78.27,77.72,77.93,25783,311,77.934956
2021-12-15 05:00:00+00:00,78.05,78.78,77.57,78.76,23716,293,78.030497
2021-12-16 05:00:00+00:00,79.14,79.3981,78.74,78.7599,15942,227,79.074
2021-12-17 05:00:00+00:00,78.14,78.54,77.65,77.78,23574,311,78.111393
2021-12-20 05:00:00+00:00,76.71,76.72,75.98,76.69,28713,295,76.352511
2021-12-21 05:00:00+00:00,77.28,77.8892,77.18,77.8081,37477,273,77.640522
2021-12-22 05:00:00+00:00,77.69,78.37,77.69,78.27,36223,305,78.200888
2021-12-23 05:00:00+00:00,78.4,79.0426,78.4,78.82,60843,254,78.893963
2021-12-27 05:00:00+00:00,79.13,79.7,78.88,79.67,23013,284,79.414223
2021-12-28 05:00:00+00:00,79.69,80.11,79.69,79.93,41063,208,79.945146
2021-12-29 05:00:00+00:00,80.14,80.26,79.9518,80.12,38410,279,80.116659
2021-12-30 05:00:00+00:00,80.12,80.48,79.93,80.0,44793,299,80.269698
2021-12-31 05:00:00+00:00,80.08,80.23,79.89,79.96,28328,233,80.033956
2022-01-03 05:00:00+00:00,80.14,80.54,80.01,80.54,52035,426,80.317017
2022-01-04 05:00:00+00:00,81.02,81.42,81.02,81.24,38403,392,81.24644
2022-01-05 05:00:00+00:00,81.49,81.98,80.54,80.54,52353,448,81.449845
2022-01-06 05:00:00+00:00,80.75,80.9499,80.3129,80.46,124275,449,80.708837
2022-01-07 05:00:00+00:00,80.34,80.96,80.34,80.73,48337,506,80.818488
2022-01-10 05:00:00+00:00,80.58,80.58,79.5281,80.52,94254,407,80.129376
2022-01-11 05:00:00+00:00,80.6,81.34,80.03,81.34,51790,404,80.922347
2022-01-12 05:00:00+00:00,81.61,81.61,80.9894,81.26,78390,496,81.231917
2022-01-13 05:00:00+00:00,81.26,81.8,80.98,81.04,69569,495,81.472517
2022-01-14 05:00:00+00:00,80.69,81.25,80.45,81.23,63992,385,80.822862
2022-01-18 05:00:00+00:00,80.83,80.83,79.71,79.96,166294,880,80.058229
2022-01-19 05:00:00+00:00,80.33,80.33,79.12,79.15,189892,840,79.85976
2022-01-20 05:00:00+00:00,79.23,80.035,78.19,78.25,156735,932,79.133079
2022-01-21 05:00:00+00:00,78.08,78.3538,76.89,76.97,87866,599,77.506703
2022-01-24 05:00:00+00:00,76.3,77.38,74.61,77.34,201184,1527,75.735986
2022-01-25 05:00:00+00:00,76.55,77.49,75.3,76.85,106910,760,76.438196
2022-01-26 05:00:00+00:00,77.77,78.0265,75.75,76.41,98595,753,77.070615
2022-01-27 05:00:00+00:00,77.29,77.9084,76.06,76.48,85941,649,76.532941
2022-01-28 05:00:00+00:00,76.48,77.69,75.85,77.63,148459,901,76.590746
2022-01-31 05:00:00+00:00,77.39,78.52,77.17,78.52,43420,406,77.896318
2022-02-01 05:00:00+00:00,78.54,79.2266,78.1904,79.2,71324,458,78.78981
2022-02-02 05:00:00+00:00,79.5,79.93,79.01,79.77,89576,536,79.517286
2022-02-03 05:00:00+00:00,79.55,79.63,78.82,78.93,79643,605,79.271109
2022-02-04 05:00:00+00:00,78.84,79.56,78.267,79.01,145067,1000,79.120432
2022-02-07 05:00:00+00:00,79.29,79.69,78.885,79.11,75100,675,79.305502
2022-02-08 05:00:00+00:00,79.29,79.94,79.1,79.92,151476,922,79.647907
2022-02-09 05:00:00+00:00,80.55,80.72,80.3122,80.62,138711,1103,80.561608
2022-02-10 05:00:00+00:00,79.98,80.77,79.193,79.57,256998,781,80.12837
2022-02-11 05:00:00+00:00,79.68,80.02,78.5,78.64,107494,915,79.157415
2022-02-14 05:00:00+00:00,78.77,78.77,77.6196,78.08,58403,595,78.060672
2022-02-15 05:00:00+00:00,78.64,79.0877,78.64,79.03,52341,333,78.943012
2022-02-16 05:00:00+00:00,78.85,79.31,78.5332,79.15,54823,488,78.879763
2022-02-17 05:00:00+00:00,78.77,78.78,77.94,78.09,196354,517,78.549689
2022-02-18 05:00:00+00:00,78.0,78.49,77.34,77.72,40952,390,77.86597
2022-02-22 05:00:00+00:00,77.72,77.73,76.31,76.92,130616,504,77.087573
2022-02-23 05:00:00+00:00,77.47,77.47,75.78,75.85,67164,756,76.470679
2022-02-24 05:00:00+00:00,74.65,76.08,74.18,76.0,109610,910,74.934703
2022-02-25 05:00:00+00:00,76.48,78.23,76.48,78.1,84872,645,77.584244
2022-02-28 05:00:00+00:00,77.34,78.01,76.8985,77.85,34528,492,77.391102
2022-03-01 05:00:00+00:00,77.88,78.11,76.44,76.92,62398,434,76.952377
2022-03-02 05:00:00+00:00,77.35,78.73,77.35,78.44,49446,419,78.378263
2022-03-03 05:00:00+00:00,79.02,79.115,78.16,78.52,85814,721,78.637222
2022-03-04 05:00:00+00:00,77.78,78.42,77.41,78.42,107985,580,77.811229
2022-03-07 05:00:00+00:00,78.19,78.19,76.57,76.59,112457,734,77.193675
2022-03-08 05:00:00+00:00,76.84,77.8,76.05,76.1,68834,575,76.740897
2022-03-09 05:00:00+00:00,77.23,77.6085,77.04,77.18,125755,811,77.304362
2022-03-10 05:00:00+00:00,76.81,77.58,76.6,77.43,126749,574,77.11532
2022-03-11 05:00:00+00:00,77.91,78.01,76.78,76.86,41422,444,77.52815
2022-03-14 04:00:00+00:00,77.16,77.51,76.3178,76.58,64230,431,76.802997
2022-03-15 04:00:00+00:00,76.83,77.78,76.6283,77.7,69340,493,77.36447
2022-03-16 04:00:00+00:00,78.28,78.62,77.24,78.62,187688,581,78.170278
2022-03-17 04:00:00+00:00,78.64,79.77,78.5,79.77,85303,708,79.160169
2022-03-18 04:00:00+00:00,79.75,80.22,79.26,80.19,149335,761,79.75909
2022-03-21 04:00:00+00:00,80.09,80.41,79.42,79.92,28305,351,79.851927
2022-03-22 04:00:00+00:00,80.34,80.64,80.24,80.48,67828,496,80.485467
2022-03-23 04:00:00+00:00,80.27,80.287,79.605,79.63,95809,649,79.911403
2022-03-24 04:00:00+00:00,80.03,80.47,79.74,80.47,32166,400,80.207198
2022-03-25 04:00:00+00:00,80.75,81.06,80.52,81.06,38536,381,80.716144
2022-03-28 04:00:00+00:00,80.93,81.23,80.49,81.23,92923,875,80.788689
2022-03-29 04:00:00+00:00,81.85,82.03,81.3649,81.95,119916,938,81.673363
2022-03-30 04:00:00+00:00,81.96,82.1099,81.43,81.73,148918,1116,81.696364
2022-03-31 04:00:00+00:00,81.53,81.71,80.49,80.67,330742,553,81.457355
2022-04-01 04:00:00+00:00,80.68,80.8,80.1399,80.75,78133,456,80.572198
2022-04-04 04:00:00+00:00,80.65,80.92,80.2997,80.91,72407,543,80.689845
2022-04-05 04:00:00+00:00,80.76,81.34,80.1348,80.29,52182,541,80.703822
2022-04-06 04:00:00+00:00,79.86,80.3432,79.65,80.16,77174,717,79.920587
2022-04-07 04:00:00+00:00,80.17,80.89,79.65,80.65,58717,463,80.433931
2022-04-08 04:00:00+00:00,80.86,81.465,80.5443,81.07,41862,387,81.213516
2022-04-11 04:00:00+00:00,80.69,81.1242,80.0503,80.13,67750,456,80.526196
2022-04-12 04:00:00+00:00,80.64,80.9917,79.7377,80.03,75316,525,80.228305
2022-04-13 04:00:00+00:00,79.94,80.91,79.94,80.91,47478,349,80.633839
2022-04-14 04:00:00+00:00,81.09,81.26,80.3811,80.43,324693,434,81.175742
2022-04-18 04:00:00+00:00,80.33,80.7993,80.15,80.43,61303,493,80.467009
2022-04-19 04:00:00+00:00,80.55,81.7,80.55,81.53,61841,412,81.351613
2022-04-20 04:00:00+00:00,81.99,82.35,81.7616,82.04,61085,487,82.108422
2022-04-21 04:00:00+00:00,82.58,82.68,80.84,81.02,338159,669,81.925331
2022-04-22 04:00:00+00:00,80.79,80.79,78.59,78.7,86263,803,79.437916
2022-04-25 04:00:00+00:00,78.24,78.92,76.965,78.76,160821,1124,78.287389
2022-04-26 04:00:00+00:00,78.39,78.54,77.1,77.15,82313,645,77.733686
2022-04-27 04:00:00+00:00,77.41,78.0018,76.71,77.22,53005,515,77.453466
2022-04-28 04:00:00+00:00,78.03,78.8671,77.02,78.66,48773,462,78.163766
2022-04-29 04:00:00+00:00,78.15,78.19,75.79,75.91,126906,710,76.468481
2022-05-02 04:00:00+00:00,76.12,76.63,74.71,76.18,186835,1411,75.533317
2022-05-03 04:00:00+00:00,76.27,77.33,76.27,76.83,55923,482,76.873825
2022-05-04 04:00:00+00:00,77.18,79.2481,76.78,79.17,68399,625,77.505203
2022-05-05 04:00:00+00:00,78.53,78.53,76.2699,76.91,282357,710,76.580045
2022-05-06 04:00:00+00:00,76.66,77.24,75.9,76.88,152288,1177,76.626834
2022-05-09 04:00:00+00:00,75.91,76.04,74.5404,74.89,208649,1206,75.248775
2022-05-10 04:00:00+00:00,75.63,75.89,73.95,74.71,1496086,655,74.696684
2022-05-11 04:00:00+00:00,74.71,75.9257,73.83,73.95,65525,612,74.783312
2022-05-12 04:00:00+00:00,73.5,73.83,72.6456,73.78,97047,662,73.209235
2022-05-13 04:00:00+00:00,74.6,75.43,74.4,75.16,74425,447,75.036563
2022-05-16 04:00:00+00:00,75.22,75.89,74.92,75.27,72265,603,75.391464
2022-05-17 04:00:00+00:00,76.21,76.3215,75.47,76.25,92581,634,76.105325
2022-05-18 04:00:00+00:00,75.53,75.53,72.8,73.13,56296,591,73.602064
2022-05-19 04:00:00+00:00,72.23,73.3787,72.1,72.64,82866,612,72.668535
2022-05-20 04:00:00+00:00,73.36,73.36,71.17,72.59,59274,552,71.94111
2022-05-23 04:00:00+00:00,73.39,74.1285,73.0159,73.91,60539,451,73.878261
2022-05-24 04:00:00+00:00,73.36,73.91,72.4148,73.71,51722,611,73.115294
2022-05-25 04:00:00+00:00,73.47,74.7584,73.47,74.48,49968,398,74.359643
2022-05-26 04:00:00+00:00,75.02,76.22,75.02,75.91,63420,472,75.903072
2022-05-27 04:00:00+00:00,76.3,77.36,76.0839,77.36,47526,350,76.913042
2022-05-31 04:00:00+00:00,77.13,77.5,76.54,76.83,66071,645,76.952834
2022-06-01 04:00:00+00:00,77.41,77.41,75.65,76.19,60621,516,76.216339
2022-06-02 04:00:00+00:00,76.15,77.11,75.51,77.11,147399,693,76.639444
2022-06-03 04:00:00+00:00,76.36,76.6469,76.08,76.2,42617,447,76.300312
2022-06-06 04:00:00+00:00,76.91,77.055,76.3734,76.53,119115,552,76.609559
2022-06-07 04:00:00+00:00,75.72,77.26,75.72,77.17,69487,491,76.800347
2022-06-08 04:00:00+00:00,76.96,77.06,76.1881,76.35,78122,431,76.463775
2022-06-09 04:00:00+00:00,76.1,76.37,74.72,74.75,51629,594,75.648613
2022-06-10 04:00:00+00:00,73.57,73.74,72.95,73.05,89239,694,73.250302
2022-06-13 04:00:00+00:00,71.41,71.58,70.0685,70.36,184797,941,70.934279
2022-06-14 04:00:00+00:00,70.79,71.045,69.5878,70.2,74227,541,70.251038
2022-06-15 04:00:00+00:00,70.88,71.46,69.89,70.77,74044,408,70.687222
2022-06-16 04:00:00+00:00,69.47,69.47,68.07,68.57,41487,494,68.72477
2022-06-17 04:00:00+00:00,68.71,68.99,67.74,68.34,80540,310,68.592104
2022-06-21 04:00:00+00:00,69.1,69.909,69.0,69.62,51047,412,69.523077
2022-06-22 04:00:00+00:00,68.72,70.13,68.72,69.44,82896,493,69.431988
2022-06-23 04:00:00+00:00,69.91,69.92,68.9126,69.81,71640,454,69.638277
2022-06-24 04:00:00+00:00,70.46,71.73,70.32,71.73,115153,587,71.41257
2022-06-27 04:00:00+00:00,72.07,72.16,71.6286,71.79,37592,315,71.853642
2022-06-28 04:00:00+00:00,72.37,72.8,70.6892,70.74,70711,603,71.502995
2022-06-29 04:00:00+00:00,70.5363,70.9,70.2381,70.49,49344,390,70.601537
2022-06-30 04:00:00+00:00,69.88,70.46,69.205,69.87,165833,960,69.860007
2022-07-01 04:00:00+00:00,69.83,70.81,69.25,70.73,41030,443,70.140644
2022-07-05 04:00:00+00:00,69.87,70.44,69.0081,70.43,33347,391,69.79307
2022-07-06 04:00:00+00:00,70.55,70.99,69.93,70.6,85659,794,70.466077
2022-07-07 04:00:00+00:00,71.28,71.695,71.1,71.55,163531,256,71.303667
2022-07-08 04:00:00+00:00,71.49,71.92,71.35,71.55,42369,363,71.698558
2022-07-11 04:00:00+00:00,71.16,71.27,70.77,70.86,28737,318,70.934657
2022-07-12 04:00:00+00:00,70.54,71.3,70.31,70.59,31484,360,70.742311
2022-07-13 04:00:00+00:00,69.77,70.59,69.51,70.14,56830,534,70.038492
2022-07-14 04:00:00+00:00,69.1,69.808,68.68,69.76,59152,415,69.175622
2022-07-15 04:00:00+00:00,70.74,71.28,70.42,71.23,55936,405,70.98905
2022-07-18 04:00:00+00:00,71.96,71.98,70.71,70.86,45026,405,71.50758
2022-07-19 04:00:00+00:00,71.64,72.81,71.64,72.7201,38115,421,72.41223
2022-07-20 04:00:00+00:00,72.73,73.1261,72.3665,73.02,38950,405,72.820574
2022-07-21 04:00:00+00:00,72.76,73.27,72.035,73.26,122594,625,72.969802
2022-07-22 04:00:00+00:00,73.44,73.54,72.37,72.81,54304,484,72.940598
2022-07-25 04:00:00+00:00,73.15,73.304,72.81,73.14,43255,378,73.094612
2022-07-26 04:00:00+00:00,72.7,72.7,72.11,72.29,53883,548,72.356113
2022-07-27 04:00:00+00:00,72.87,73.91,72.48,73.7,52321,387,73.00684
2022-07-28 04:00:00+00:00,73.84,74.44,73.12,74.42,74729,342,74.20736
2022-07-29 04:00:00+00:00,74.77,75.61,74.57,75.52,80235,602,75.260491
2022-08-01 04:00:00+00:00,75.03,75.75,74.9,75.47,35768,414,75.320628
2022-08-02 04:00:00+00:00,75.11,75.71,74.74,74.84,34310,401,75.242408
2022-08-03 04:00:00+00:00,75.38,75.84,75.17,75.64,47836,469,75.640678
2022-08-04 04:00:00+00:00,75.71,75.775,75.2799,75.35,36532,354,75.487467
2022-08-05 04:00:00+00:00,74.69,75.46,74.62,75.41,41590,417,75.213782
2022-08-08 04:00:00+00:00,75.78,76.22,75.4815,75.6,35432,393,75.811209
2022-08-09 04:00:00+00:00,75.59,75.8095,75.3101,75.47,281554,676,75.515003
2022-08-10 04:00:00+00:00,76.67,76.9455,76.4092,76.83,60332,439,76.784788
2022-08-11 04:00:00+00:00,77.41,77.76,77.11,77.25,37912,373,77.424488
2022-08-12 04:00:00+00:00,77.46,78.49,77.44,78.48,29607,378,78.046195
2022-08-15 04:00:00+00:00,78.05,78.76,77.99,78.68,138546,962,78.401174
2022-08-16 04:00:00+00:00,78.78,79.58,78.78,79.22,71720,506,79.207731
2022-08-17 04:00:00+00:00,78.65,79.0699,78.2422,78.5852,83259,512,78.620693
2022-08-18 04:00:00+00:00,78.72,78.88,78.4224,78.77,22136,296,78.605111
2022-08-19 04:00:00+00:00,78.5,78.5,77.8515,78.07,36188,389,78.112157
2022-08-22 04:00:00+00:00,77.1,77.11,76.38,76.55,57629,671,76.63843
2022-08-23 04:00:00+00:00,76.58,76.98,76.3806,76.46,28875,344,76.570486
2022-08-24 04:00:00+00:00,76.44,76.888,76.31,76.72,32567,342,76.638212
2022-08-25 04:00:00+00:00,77.04,77.8,76.83,77.75,45185,419,77.294467
2022-08-26 04:00:00+00:00,77.82,77.82,75.41,75.41,51483,485,76.231442
2022-08-29 04:00:00+00:00,74.78,75.72,74.74,75.23,272744,1558,75.369369
2022-08-30 04:00:00+00:00,75.48,75.48,74.137,74.3347,44343,450,74.563707
2022-08-31 04:00:00+00:00,74.68,74.727,73.8601,73.87,109263,385,74.322375
2022-09-01 04:00:00+00:00,73.39,74.13,73.04,74.08,46252,451,73.462626
2022-09-02 04:00:00+00:00,74.75,75.12,73.2877,73.55,67076,446,74.1373
2022-09-06 04:00:00+00:00,73.73,73.83,72.85,73.11,109043,508,73.123034
2022-09-07 04:00:00+00:00,73.06,74.55,72.98,74.47,31829,501,73.894708
2022-09-08 04:00:00+00:00,74.13,74.92,73.85,74.88,61562,501,74.595178
2022-09-09 04:00:00+00:00,75.42,76.02,75.3425,75.88,53570,526,75.820987
2022-09-12 04:00:00+00:00,76.31,76.7765,76.2961,76.53,78218,538,76.458091
2022-09-13 04:00:00+00:00,75.01,75.18,73.24,73.45,167599,608,74.42981
2022-09-14 04:00:00+00:00,73.62,73.7832,72.8743,73.45,118671,357,73.548742
2022-09-15 04:00:00+00:00,73.35,73.87,72.82,73.05,66210,451,73.262241
2022-09-16 04:00:00+00:00,72.03,72.48,71.8241,72.38,111031,471,72.06826
2022-09-19 04:00:00+00:00,71.52,72.675,71.4,72.67,44700,453,72.182488
2022-09-20 04:00:00+00:00,72.2,72.2,71.23,71.72,108912,791,71.648894
2022-09-21 04:00:00+00:00,72.28,72.5177,70.54,70.56,56909,453,71.617682
2022-09-22 04:00:00+00:00,70.6,70.6,69.9378,70.0,58852,413,70.202109
2022-09-23 04:00:00+00:00,69.29,69.29,67.62,68.48,79100,958,68.32749
2022-09-26 04:00:00+00:00,68.1,68.67,67.5,67.74,60237,650,68.026489
2022-09-27 04:00:00+00:00,68.44,68.72,67.231,67.67,49116,417,67.849593
2022-09-28 04:00:00+00:00,68.01,69.55,67.7,69.23,96493,568,69.031475
2022-09-29 04:00:00+00:00,68.66,68.66,67.44,67.92,114632,406,67.841324
2022-09-30 04:00:00+00:00,67.77,68.4393,67.0,67.11,221233,695,67.857009
2022-10-03 04:00:00+00:00,67.99,69.28,67.733,68.93,126329,518,68.988399
2022-10-04 04:00:00+00:00,70.02,71.19,70.0,71.18,162968,638,70.915278
2022-10-05 04:00:00+00:00,70.53,71.459,70.112,71.09,61205,397,70.801835
2022-10-06 04:00:00+00:00,70.87,71.2663,70.35,70.43,148136,529,70.946284
2022-10-07 04:00:00+00:00,69.79,69.79,68.3016,68.7,72555,489,68.89051
2022-10-10 04:00:00+00:00,68.87,69.01,67.9448,68.35,44414,409,68.447722
2022-10-11 04:00:00+00:00,68.11,69.145,67.7185,68.25,59258,483,68.552492
2022-10-12 04:00:00+00:00,68.19,68.5769,67.98,68.0,71400,467,68.297446
2022-10-13 04:00:00+00:00,66.77,70.0579,66.68,69.79,51751,402,68.87101
2022-10-14 04:00:00+00:00,70.24,70.3493,68.29,68.42,133844,668,69.111452
2022-10-17 04:00:00+00:00,69.51,70.0021,69.4231,69.71,52728,498,69.727865
2022-10-18 04:00:00+00:00,71.08,71.225,69.95,70.64,56123,504,70.444718
2022-10-19 04:00:00+00:00,70.33,70.8688,69.885,70.31,135997,702,70.296024
2022-10-20 04:00:00+00:00,70.41,71.125,69.74,69.92,88057,576,70.276957
2022-10-21 04:00:00+00:00,69.9,71.6879,69.68,71.64,85141,542,71.131512
2022-10-24 04:00:00+00:00,72.51,72.78,71.73,72.61,80896,573,72.36705
2022-10-25 04:00:00+00:00,72.52,73.55,72.52,73.47,87037,671,73.163934
2022-10-26 04:00:00+00:00,73.37,74.309,73.37,73.59,98767,559,73.956611
2022-10-27 04:00:00+00:00,73.93,74.26,73.35,73.46,65381,559,73.738689
2022-10-28 04:00:00+00:00,73.46,74.87,73.46,74.84,42543,426,74.496865
2022-10-31 04:00:00+00:00,74.54,74.91,74.3631,74.5,81508,607,74.578771
2022-11-01 04:00:00+00:00,75.14,75.17,74.07,74.44,217382,1555,74.494586
2022-11-02 04:00:00+00:00,74.4,75.07,72.98,73.01,72224,516,74.14629
2022-11-03 04:00:00+00:00,72.32,73.1358,72.1,72.71,86685,414,72.869733
2022-11-04 04:00:00+00:00,73.86,74.0753,72.58,73.57,127604,1138,73.343291
2022-11-07 05:00:00+00:00,73.89,74.46,73.52,74.39,77294,575,74.093055
2022-11-08 05:00:00+00:00,74.54,75.12,73.8899,74.7,163479,1183,74.722062
2022-11-09 05:00:00+00:00,74.37,74.57,73.1,73.19,64058,632,73.64493
2022-11-10 05:00:00+00:00,75.33,76.1701,74.899,76.04,79141,641,75.699043
2022-11-11 05:00:00+00:00,76.39,76.78,75.83,76.62,124004,1085,76.453387
2022-11-14 05:00:00+00:00,76.48,77.09,76.015,76.05,99460,979,76.720051
2022-11-15 05:00:00+00:00,77.22,77.3,76.05,76.63,81398,793,76.764338
2022-11-16 05:00:00+00:00,76.56,76.56,75.96,76.0,86917,937,76.156672
2022-11-17 05:00:00+00:00,75.45,76.01,75.1,75.94,114820,667,75.684979
2022-11-18 05:00:00+00:00,76.6,76.65,75.94,76.36,69641,705,76.324731
2022-11-21 05:00:00+00:00,76.32,76.5007,75.97,76.3,59553,570,76.260114
2022-11-22 05:00:00+00:00,76.7,77.54,76.7,77.43,59296,631,77.175383
2022-11-23 05:00:00+00:00,77.45,77.8917,77.27,77.83,47565,580,77.664995
2022-11-25 05:00:00+00:00,77.83,78.08,77.787,77.8845,16735,188,77.976081
2022-11-28 05:00:00+00:00,77.34,77.5432,76.71,76.79,42555,509,77.11763
2022-11-29 05:00:00+00:00,76.99,77.21,76.62,77.02,110788,1247,76.924934
2022-11-30 05:00:00+00:00,77.17,78.61,76.4,78.61,70809,620,77.240714
2022-12-01 05:00:00+00:00,78.82,78.82,78.037,78.34,106431,832,78.325263
2022-12-02 05:00:00+00:00,77.61,78.33,77.5861,78.03,100494,664,77.93779
2022-12-05 05:00:00+00:00,77.82,77.82,76.56,76.75,55461,647,77.093877
2022-12-06 05:00:00+00:00,76.87,76.895,75.4,76.02,72187,867,75.888991
2022-12-07 05:00:00+00:00,75.8,76.31,75.7016,76.01,90528,1485,75.973365
2022-12-08 05:00:00+00:00,76.39,76.485,75.9375,76.2,46413,598,76.17698
2022-12-09 05:00:00+00:00,76.12,76.2099,75.36,75.53,60219,589,75.820975
2022-12-12 05:00:00+00:00,75.65,76.59,75.37,76.55,41371,639,75.999792
2022-12-13 05:00:00+00:00,78.41,78.41,76.4185,76.72,61395,559,76.997465
2022-12-14 05:00:00+00:00,76.84,77.32,75.9229,76.42,42583,534,76.748419
2022-12-15 05:00:00+00:00,75.79,75.83,74.43,74.74,111322,661,74.795269
2022-12-16 05:00:00+00:00,74.27,74.31,73.4663,74.08,99172,793,73.854289
